<?xml version="1.0" encoding="utf-8"?>
<webessentials version="1.9">
  <settings>
    <CoffeeScriptCompileOnBuild>false</CoffeeScriptCompileOnBuild>
    <CoffeeScriptCompileToFolder>false</CoffeeScriptCompileToFolder>
    <CoffeeScriptEnableIced>false</CoffeeScriptEnableIced>
    <CoffeeScriptGenerateJsFile>true</CoffeeScriptGenerateJsFile>
    <CoffeeScriptMinify>true</CoffeeScriptMinify>
    <CoffeeScriptShowPreviewWindow>true</CoffeeScriptShowPreviewWindow>
    <CoffeeScriptWrapClosure>true</CoffeeScriptWrapClosure>
    <CssAutoCloseCurlyBraces>true</CssAutoCloseCurlyBraces>
    <CssEnableMinification>true</CssEnableMinification>
    <CssEnableSelectorHighligting>true</CssEnableSelectorHighligting>
    <CssErrorLocation>1</CssErrorLocation>
    <CssOnlyW3cAllowed>false</CssOnlyW3cAllowed>
    <CssShowBrowserTooltip>true</CssShowBrowserTooltip>
    <CssShowInitialInherit>false</CssShowInitialInherit>
    <CssShowUnsupported>true</CssShowUnsupported>
    <CssSyncVendorValues>true</CssSyncVendorValues>
    <CSSValidateOverQualifiedSelector>false</CSSValidateOverQualifiedSelector>
    <CssValidateStarSelector>false</CssValidateStarSelector>
    <CssValidateZeroUnit>false</CssValidateZeroUnit>
    <EnableSpeedTyping>false</EnableSpeedTyping>
    <HtmlEnableMustache>true</HtmlEnableMustache>
    <HtmlEnableZenCoding>true</HtmlEnableZenCoding>
    <JavaScriptAutoCloseBraces>true</JavaScriptAutoCloseBraces>
    <JavaScriptEnableMinification>true</JavaScriptEnableMinification>
    <JavascriptEnableRegions>true</JavascriptEnableRegions>
    <JavaScriptGenerateSourceMaps>true</JavaScriptGenerateSourceMaps>
    <JavaScriptOutlining>true</JavaScriptOutlining>
    <JsHint_asi>false</JsHint_asi>
    <JsHint_bitwise>false</JsHint_bitwise>
    <JsHint_boss>false</JsHint_boss>
    <JsHint_browser>true</JsHint_browser>
    <JsHint_camelcase>true</JsHint_camelcase>
    <JsHint_couch>false</JsHint_couch>
    <JsHint_curly>false</JsHint_curly>
    <JsHint_debug>true</JsHint_debug>
    <JsHint_devel>true</JsHint_devel>
    <JsHint_dojo>false</JsHint_dojo>
    <JsHint_eqeqeq>true</JsHint_eqeqeq>
    <JsHint_eqnull>false</JsHint_eqnull>
    <JsHint_es5>true</JsHint_es5>
    <JsHint_esnext>false</JsHint_esnext>
    <JsHint_evil>false</JsHint_evil>
    <JsHint_expr>false</JsHint_expr>
    <JsHint_forin>false</JsHint_forin>
    <JsHint_funcscope>false</JsHint_funcscope>
    <JsHint_globalstrict>false</JsHint_globalstrict>
    <JsHint_immed>false</JsHint_immed>
    <JsHint_indent>-1</JsHint_indent>
    <JsHint_iterator>false</JsHint_iterator>
    <JsHint_jquery>True</JsHint_jquery>
    <JsHint_lastsemic>false</JsHint_lastsemic>
    <JsHint_latedef>false</JsHint_latedef>
    <JsHint_laxbreak>true</JsHint_laxbreak>
    <JsHint_laxcomma>true</JsHint_laxcomma>
    <JsHint_loopfunc>true</JsHint_loopfunc>
    <JsHint_maxerr>50</JsHint_maxerr>
    <JsHint_mootools>false</JsHint_mootools>
    <JsHint_multistr>false</JsHint_multistr>
    <JsHint_newcap>false</JsHint_newcap>
    <JsHint_noarg>false</JsHint_noarg>
    <JsHint_node>false</JsHint_node>
    <JsHint_noempty>true</JsHint_noempty>
    <JsHint_nonew>false</JsHint_nonew>
    <JsHint_nonstandard>false</JsHint_nonstandard>
    <JsHint_onecase>false</JsHint_onecase>
    <JsHint_plusplus>false</JsHint_plusplus>
    <JsHint_proto>false</JsHint_proto>
    <JsHint_prototypejs>false</JsHint_prototypejs>
    <JsHint_quotmark>true</JsHint_quotmark>
    <JsHint_regexdash>true</JsHint_regexdash>
    <JsHint_regexp>false</JsHint_regexp>
    <JsHint_rhino>false</JsHint_rhino>
    <JsHint_scripturl>false</JsHint_scripturl>
    <JsHint_shadow>false</JsHint_shadow>
    <JsHint_smarttabs>true</JsHint_smarttabs>
    <JsHint_strict>false</JsHint_strict>
    <JsHint_sub>false</JsHint_sub>
    <JsHint_supernew>false</JsHint_supernew>
    <JsHint_trailing>false</JsHint_trailing>
    <JsHint_undef>true</JsHint_undef>
    <JsHint_unused>vars</JsHint_unused>
    <JsHint_validthis>false</JsHint_validthis>
    <JsHint_worker>false</JsHint_worker>
    <JsHint_wsh>false</JsHint_wsh>
    <JsHintEnable>true</JsHintEnable>
    <JsHintErrorLocation>2</JsHintErrorLocation>
    <JsHintRunOnBuild>false</JsHintRunOnBuild>
    <KeepImportantComments>false</KeepImportantComments>
    <LessCompileOnBuild>false</LessCompileOnBuild>
    <LessCompileToFolder>false</LessCompileToFolder>
    <LessGenerateCssFile>true</LessGenerateCssFile>
    <LessMinify>true</LessMinify>
    <LessShowPreviewWindow>true</LessShowPreviewWindow>
    <MarkdownMargin_width>667</MarkdownMargin_width>
    <ScssGenerateCssFile>True</ScssGenerateCssFile>
    <ScssMinify>True</ScssMinify>
    <ScssShowPreviewWindow>True</ScssShowPreviewWindow>
    <TypeScriptAddGeneratedFilesToProject>true</TypeScriptAddGeneratedFilesToProject>
    <TypeScriptCompileES3>false</TypeScriptCompileES3>
    <TypeScriptCompileOnBuild>false</TypeScriptCompileOnBuild>
    <TypeScriptGenerateJsFile>true</TypeScriptGenerateJsFile>
    <TypeScriptKeepComments>false</TypeScriptKeepComments>
    <TypeScriptMinify>true</TypeScriptMinify>
    <TypeScriptProduceSourceMap>false</TypeScriptProduceSourceMap>
    <TypeScriptResaveWithUtf8BOM>false</TypeScriptResaveWithUtf8BOM>
    <TypeScriptShowPreviewWindow>true</TypeScriptShowPreviewWindow>
    <TypeScriptUseAmdModule>false</TypeScriptUseAmdModule>
    <ValidateVendorSpecifics>false</ValidateVendorSpecifics>
  </settings>
</webessentials>